snapshot_time,competition,event,end_date,moneyline_home_yes_prob,moneyline_home_yes_odds,moneyline_home_no_prob,moneyline_home_no_odds,moneyline_home_volume,moneyline_home_volume_24h,moneyline_home_liquidity,moneyline_home_spread,moneyline_away_yes_prob,moneyline_away_yes_odds,moneyline_away_no_prob,moneyline_away_no_odds,moneyline_away_volume,moneyline_away_volume_24h,moneyline_away_liquidity,moneyline_away_spread,draw_yes_prob,draw_yes_odds,draw_no_prob,draw_no_odds,draw_volume,draw_volume_24h,draw_liquidity,draw_spread,over25_prob,over25_odds,under25_prob,under25_odds,ou25_volume,ou25_volume_24h,ou25_liquidity,ou25_spread,btts_yes_prob,btts_yes_odds,btts_no_prob,btts_no_odds,btts_volume,btts_volume_24h,btts_liquidity,btts_spread,url
2026-06-05T06:18:28.910161+00:00,fifa world cup,Mexico vs. South Africa,2026-06-11T19:00:00Z,0.695,1.44,0.305,3.28,133238.97170299894,19590.049648000015,161807.3454,0.01,0.105,9.52,0.895,1.12,81946.01972199992,7793.024263,186748.0421,0.01,0.205,4.88,0.795,1.26,12981.27772400001,1791.4188980000004,110470.2637,0.01,,,,,,,,,,,,,,,,,https://polymarket.com/event/fifwc-mex-rsa-2026-06-11
2026-06-05T06:18:28.910161+00:00,fifa world cup,Korea Republic vs. Czechia,2026-06-12T02:00:00Z,0.365,2.74,0.635,1.57,50525.995506999956,21089.519147000006,94857.672,0.01,0.345,2.9,0.655,1.53,22675.466375999957,2527.9678479999993,68840.9687,0.01,0.31,3.23,0.69,1.45,7757.157439000014,1475.681674,108862.5837,0.02,,,,,,,,,,,,,,,,,https://polymarket.com/event/fifwc-kr-cze-2026-06-11
2026-06-05T06:18:28.910161+00:00,fifa world cup,Canada vs. Bosnia and Herzegovina,2026-06-12T19:00:00Z,0.535,1.87,0.465,2.15,34765.118111000265,3803.2132500000002,102470.237,0.01,0.205,4.88,0.795,1.26,28321.661345000004,1931.286163,53613.9658,0.01,0.265,3.77,0.735,1.36,13016.475253000013,99.800621,60904.0377,0.01,,,,,,,,,,,,,,,,,https://polymarket.com/event/fifwc-can-bih-2026-06-12
2026-06-05T06:18:28.910161+00:00,fifa world cup,United States vs. Paraguay,2026-06-13T01:00:00Z,0.495,2.02,0.505,1.98,120297.13279900042,11983.759677000002,163838.7719,0.01,0.225,4.44,0.775,1.29,84620.75424499981,6633.644755,69115.0571,0.01,0.28,3.57,0.72,1.39,8475.676238000005,211.15741999999997,62833.0046,0.02,,,,,,,,,,,,,,,,,https://polymarket.com/event/fifwc-usa-par-2026-06-12
2026-06-05T06:18:28.910161+00:00,fifa world cup,Qatar vs. Switzerland,2026-06-13T19:00:00Z,0.068,14.71,0.932,1.07,40373.47812199995,4706.678937000001,108909.31386,0.002,0.795,1.26,0.205,4.88,23365.665040000014,3113.9579750000007,42629.6564,0.01,0.135,7.41,0.865,1.16,8110.4864190000135,784.0012040000001,61817.2384,0.01,,,,,,,,,,,,,,,,,https://polymarket.com/event/fifwc-qat-che-2026-06-13
2026-06-05T06:18:28.910161+00:00,fifa world cup,Brazil vs. Morocco,2026-06-13T22:00:00Z,0.605,1.65,0.395,2.53,58120.32068000003,7016.077901,117508.0736,0.01,0.165,6.06,0.835,1.2,44975.956197000014,8375.39687,109041.3829,0.01,0.245,4.08,0.755,1.32,9327.659414,3168.5542009999995,63859.1005,0.01,,,,,,,,,,,,,,,,,https://polymarket.com/event/fifwc-bra-mar-2026-06-13
2026-06-05T06:18:28.910161+00:00,fifa world cup,Haiti vs. Scotland,2026-06-14T01:00:00Z,0.145,6.9,0.855,1.17,26045.285986000014,2747.880801999999,67788.0857,0.01,0.655,1.53,0.345,2.9,46749.827062000404,9973.705036,67218.0681,0.01,0.205,4.88,0.795,1.26,5602.493577999993,100.994759,27800.2198,0.01,,,,,,,,,,,,,,,,,https://polymarket.com/event/fifwc-hai-sco-2026-06-13
2026-06-05T06:18:28.910161+00:00,fifa world cup,Australia vs. Türkiye,2026-06-14T04:00:00Z,0.195,5.13,0.805,1.24,9977.730831999997,1303.520835,111657.4851,0.01,0.555,1.8,0.445,2.25,17176.77677800003,1179.0506969999994,68454.091,0.01,0.265,3.77,0.735,1.36,1159.5210089999998,24.1,55587.1124,0.01,,,,,,,,,,,,,,,,,https://polymarket.com/event/fifwc-aus-tur-2026-06-14
2026-06-05T06:18:28.910161+00:00,fifa world cup,Germany vs. Curaçao,2026-06-14T17:00:00Z,0.938,1.07,0.062,16.13,60393.842066999954,4364.322344,20925.03292,0.006,0.0185,54.05,0.9815,1.02,103411.91044699997,7158.949189000002,65991.413,0.001,0.043,23.26,0.957,1.04,48452.70877599994,1921.5824570000002,9393.60652,0.004,,,,,,,,,,,,,,,,,https://polymarket.com/event/fifwc-ger-kor-2026-06-14
2026-06-05T06:18:28.910161+00:00,fifa world cup,Netherlands vs. Japan,2026-06-14T20:00:00Z,0.495,2.02,0.505,1.98,58140.07420800031,4005.011360000001,150511.0721,0.01,0.255,3.92,0.745,1.34,25571.25136800003,1840.2717389999993,76107.0049,0.01,0.255,3.92,0.745,1.34,5559.530426000004,186.39228800000004,58061.1855,0.01,,,,,,,,,,,,,,,,,https://polymarket.com/event/fifwc-nld-jpn-2026-06-14
2026-06-05T06:18:28.910161+00:00,fifa world cup,Côte d'Ivoire vs. Ecuador,2026-06-14T23:00:00Z,0.265,3.77,0.735,1.36,4748.045643000001,676.692292,56118.8054,0.01,0.405,2.47,0.595,1.68,23318.85798600005,2671.3610989999997,52465.6549,0.01,0.335,2.99,0.665,1.5,1689.7886729999998,576.147643,56876.6701,0.01,,,,,,,,,,,,,,,,,https://polymarket.com/event/fifwc-civ-ecu-2026-06-14
2026-06-05T06:18:28.910161+00:00,fifa world cup,Sweden vs. Tunisia,2026-06-15T02:00:00Z,0.495,2.02,0.505,1.98,4049.6525400000164,373.200783,58106.3932,0.01,0.225,4.44,0.775,1.29,2223.4810019999995,430.802167,59614.0625,0.01,0.285,3.51,0.715,1.4,765.5847679999998,3.448274,47711.9331,0.01,,,,,,,,,,,,,,,,,https://polymarket.com/event/fifwc-swe-tun-2026-06-14
2026-06-05T06:18:28.910161+00:00,fifa world cup,Spain vs. Cabo Verde,2026-06-15T16:00:00Z,0.895,1.12,0.105,9.52,32676.38140300008,2131.668141,29794.5787,0.01,0.0325,30.77,0.9675,1.03,56610.14011300006,5277.798026,63335.31112,0.001,0.0725,13.79,0.9275,1.08,13341.619133,296.77123,19846.82562,0.005,,,,,,,,,,,,,,,,,https://polymarket.com/event/fifwc-esp-cvi-2026-06-15
2026-06-05T06:18:28.910161+00:00,fifa world cup,Belgium vs. Egypt,2026-06-15T19:00:00Z,0.585,1.71,0.415,2.41,5786.171943999979,1370.7757919999997,45510.9641,0.01,0.175,5.71,0.825,1.21,3867.3964,196.27221400000002,59018.4074,0.01,0.235,4.26,0.765,1.31,826.5957319999999,39.916665,50785.0777,0.01,,,,,,,,,,,,,,,,,https://polymarket.com/event/fifwc-bel-egy-2026-06-15
2026-06-05T06:18:28.910161+00:00,fifa world cup,Saudi Arabia vs. Uruguay,2026-06-15T22:00:00Z,0.125,8.0,0.875,1.14,10205.282408,427.786574,83832.6347,0.01,0.655,1.53,0.345,2.9,7299.556032000094,845.422132,40383.3781,0.01,0.215,4.65,0.785,1.27,2490.355044000003,40.403632,47137.1097,0.01,,,,,,,,,,,,,,,,,https://polymarket.com/event/fifwc-ksa-ury-2026-06-15
2026-06-05T06:18:28.910161+00:00,fifa world cup,IR Iran vs. New Zealand,2026-06-16T01:00:00Z,0.505,1.98,0.495,2.02,19455.566587999983,3090.1356490000003,14525.4558,0.01,0.225,4.44,0.775,1.29,3846.037587999994,156.680423,14911.4678,0.01,0.275,3.64,0.725,1.38,16069.685434000003,64.459314,42016.0019,0.01,,,,,,,,,,,,,,,,,https://polymarket.com/event/fifwc-irn-nzl-2026-06-15
2026-06-05T06:18:28.910161+00:00,fifa world cup,France vs. Senegal,2026-06-16T19:00:00Z,0.675,1.48,0.325,3.08,29423.424954000817,2701.0189949999954,51962.7621,0.01,0.125,8.0,0.875,1.14,6515.615907999999,253.77480699999998,57740.6375,0.01,0.195,5.13,0.805,1.24,2369.1333749999994,106.862957,52331.8266,0.01,,,,,,,,,,,,,,,,,https://polymarket.com/event/fifwc-fra-sen-2026-06-16
2026-06-05T06:18:28.910161+00:00,fifa world cup,Iraq vs. Norway,2026-06-16T22:00:00Z,0.065,15.38,0.935,1.07,21086.972064999987,910.6110970000001,78676.138,0.01,0.805,1.24,0.195,5.13,7869.850261999997,368.87207600000005,51937.7558,0.01,0.135,7.41,0.865,1.16,2792.1065899999994,85.71142599999999,54474.3207,0.01,,,,,,,,,,,,,,,,,https://polymarket.com/event/fifwc-irq-nor-2026-06-16
2026-06-05T06:18:28.910161+00:00,fifa world cup,Argentina vs. Algeria,2026-06-17T01:00:00Z,0.705,1.42,0.295,3.39,16027.847523000028,1214.120675,43280.1728,0.01,0.095,10.53,0.905,1.1,37086.587199000016,2813.5178,68525.8145,0.01,0.205,4.88,0.795,1.26,4199.900095,159.83856500000002,55146.9754,0.01,,,,,,,,,,,,,,,,,https://polymarket.com/event/fifwc-arg-alg-2026-06-16
2026-06-05T06:18:28.910161+00:00,fifa world cup,Austria vs. Jordan,2026-06-17T04:00:00Z,0.735,1.36,0.265,3.77,2925.867237000002,62.860259,37800.951,0.01,0.095,10.53,0.905,1.1,12039.462051000011,564.681427,60016.1666,0.01,0.165,6.06,0.835,1.2,790.799488,,46017.6887,0.01,,,,,,,,,,,,,,,,,https://polymarket.com/event/fifwc-aut-jor-2026-06-17
2026-06-05T06:18:28.910161+00:00,fifa world cup,Portugal vs. DR Congo,2026-06-17T17:00:00Z,0.775,1.29,0.225,4.44,26440.14101400003,635.5825330000001,53470.2552,0.01,0.075,13.33,0.925,1.08,8211.303720000004,280.5,70729.8716,0.01,0.155,6.45,0.845,1.18,688.022265,,55237.6087,0.01,,,,,,,,,,,,,,,,,https://polymarket.com/event/fifwc-prt-cdr-2026-06-17
2026-06-05T06:18:28.910161+00:00,fifa world cup,England vs. Croatia,2026-06-17T20:00:00Z,0.565,1.77,0.435,2.3,15366.907804000093,685.7022480000008,40170.6138,0.01,0.195,5.13,0.805,1.24,10391.020541999998,162.56,49268.4232,0.01,0.25,4.0,0.75,1.33,3751.561112,280.56,54436.9208,0.02,,,,,,,,,,,,,,,,,https://polymarket.com/event/fifwc-eng-hrv-2026-06-17
2026-06-05T06:18:28.910161+00:00,fifa world cup,Ghana vs. Panama,2026-06-17T23:00:00Z,0.475,2.11,0.525,1.9,2420.1604570000013,143.65330899999998,32752.1791,0.01,0.265,3.77,0.735,1.36,8450.271963000007,157.822667,43126.4326,0.01,0.275,3.64,0.725,1.38,2330.6760260000024,7,45084.375,0.01,,,,,,,,,,,,,,,,,https://polymarket.com/event/fifwc-gha-pan-2026-06-17
2026-06-05T06:18:28.910161+00:00,fifa world cup,Uzbekistan vs. Colombia,2026-06-18T02:00:00Z,0.105,9.52,0.895,1.12,6383.971463999999,101.111105,53477.9747,0.01,0.695,1.44,0.305,3.28,6213.783508000004,304.833311,38479.2175,0.01,0.205,4.88,0.795,1.26,2387.583197,86.242856,48900.8722,0.01,,,,,,,,,,,,,,,,,https://polymarket.com/event/fifwc-uzb-col-2026-06-17
2026-06-05T06:18:28.910161+00:00,fifa world cup,Czechia vs. South Africa,2026-06-18T16:00:00Z,0.495,2.02,0.505,1.98,2981.099890000003,106.17568500000002,25909.9777,0.01,0.225,4.44,0.775,1.29,997.4265520000001,27.635215,34304.4499,0.01,0.295,3.39,0.705,1.42,234.37115500000004,,30691.5937,0.01,,,,,,,,,,,,,,,,,https://polymarket.com/event/fifwc-cze-rsa-2026-06-18
2026-06-05T06:18:28.910161+00:00,fifa world cup,Switzerland vs. Bosnia and Herzegovina,2026-06-18T19:00:00Z,0.615,1.63,0.385,2.6,2241.567832999994,250.68572700000016,14573.5529,0.01,0.155,6.45,0.845,1.18,1756.6300070000007,131.664985,17032.8133,0.01,0.235,4.26,0.765,1.31,1193.1752609999999,16.201665,25976.379,0.01,,,,,,,,,,,,,,,,,https://polymarket.com/event/fifwc-che-bih-2026-06-18
2026-06-05T06:18:28.910161+00:00,fifa world cup,Canada vs. Qatar,2026-06-18T22:00:00Z,0.735,1.36,0.265,3.77,6083.143133999997,42.760000000000005,23300.4969,0.01,0.085,11.76,0.915,1.09,4902.414100999997,84.517774,62039.4329,0.01,0.175,5.71,0.825,1.21,1325.1921580000003,11.105554,26624.3595,0.01,,,,,,,,,,,,,,,,,https://polymarket.com/event/fifwc-can-qat-2026-06-18
2026-06-05T06:18:28.910161+00:00,fifa world cup,Mexico vs. Korea Republic,2026-06-19T01:00:00Z,0.535,1.87,0.465,2.15,2379.0702519999963,305.453824,14785.5874,0.01,0.205,4.88,0.795,1.26,3113.511364000001,201.89618199999998,15768.687,0.01,0.275,3.64,0.725,1.38,1370.7359419999996,21.909862,25179.0248,0.01,,,,,,,,,,,,,,,,,https://polymarket.com/event/fifwc-mex-kr-2026-06-18
2026-06-05T06:18:28.910161+00:00,fifa world cup,United States vs. Australia,2026-06-19T19:00:00Z,0.545,1.83,0.455,2.2,4788.963007000012,1590.264766,48197.0258,0.01,0.215,4.65,0.785,1.27,23291.952018000004,10669.142736000002,20624.6929,0.01,0.245,4.08,0.755,1.32,1063.4246719999996,559.468415,27689.949,0.01,,,,,,,,,,,,,,,,,https://polymarket.com/event/fifwc-usa-aus-2026-06-19
2026-06-05T06:18:28.910161+00:00,fifa world cup,Scotland vs. Morocco,2026-06-19T22:00:00Z,0.225,4.44,0.775,1.29,1278.2384720000002,126.41477699999999,26172.3517,0.01,0.495,2.02,0.505,1.98,7904.091484000003,209.31,22024.6738,0.01,0.285,3.51,0.715,1.4,584.7647900000001,491.56232000000006,22164.2152,0.01,,,,,,,,,,,,,,,,,https://polymarket.com/event/fifwc-sco-mar-2026-06-19
2026-06-05T06:18:28.910161+00:00,fifa world cup,Brazil vs. Haiti,2026-06-20T00:30:00Z,0.915,1.09,0.085,11.76,8670.042818999995,1481.843333,14183.262,0.01,0.0335,29.85,0.9665,1.03,36736.789583,3134.085615,18827.15568,0.005,0.0595,16.81,0.9405,1.06,4509.107701,917.880936,10781.11793,0.001,,,,,,,,,,,,,,,,,https://polymarket.com/event/fifwc-bra-hai-2026-06-19
2026-06-05T06:18:28.910161+00:00,fifa world cup,Türkiye vs. Paraguay,2026-06-20T03:00:00Z,0.435,2.3,0.565,1.77,2534.246454999999,611.293614,22281.8078,0.01,0.275,3.64,0.725,1.38,742.079853,231.71248300000002,17014.019,0.01,0.305,3.28,0.695,1.44,796.961091,12.897418,24190.6859,0.01,,,,,,,,,,,,,,,,,https://polymarket.com/event/fifwc-tur-par-2026-06-19
2026-06-05T06:18:28.910161+00:00,fifa world cup,Netherlands vs. Sweden,2026-06-20T17:00:00Z,0.595,1.68,0.405,2.47,2377.422263000002,336.089926,12838.6881,0.01,0.175,5.71,0.825,1.21,1362.7832750000002,147.177425,13061.023,0.01,0.235,4.26,0.765,1.31,727.0949240000003,7.875,8564.5704,0.01,,,,,,,,,,,,,,,,,https://polymarket.com/event/fifwc-nld-swe-2026-06-20
2026-06-05T06:18:28.910161+00:00,fifa world cup,Germany vs. Côte d'Ivoire,2026-06-20T20:00:00Z,0.645,1.55,0.355,2.82,8616.014432000109,968.0140270000011,9194.9318,0.01,0.155,6.45,0.845,1.18,1851.167316,491.463903,16548.8173,0.01,0.205,4.88,0.795,1.26,563.35412,58.991338,9825.5991,0.01,,,,,,,,,,,,,,,,,https://polymarket.com/event/fifwc-ger-civ-2026-06-20
2026-06-05T06:18:28.910161+00:00,fifa world cup,Ecuador vs. Curaçao,2026-06-21T00:00:00Z,0.805,1.24,0.195,5.13,10701.492679999988,914.3626289999997,10513.9021,0.01,0.061,16.39,0.939,1.06,31687.680565999995,172.084802,11913.08743,0.002,0.145,6.9,0.855,1.17,4645.845485999998,132,9995.9906,0.01,,,,,,,,,,,,,,,,,https://polymarket.com/event/fifwc-ecu-kor-2026-06-20
2026-06-05T06:18:28.910161+00:00,fifa world cup,Tunisia vs. Japan,2026-06-21T04:00:00Z,0.175,5.71,0.825,1.21,1734.9376239999995,259.815826,16428.3527,0.01,0.555,1.8,0.445,2.25,2365.055608999998,606.4728129999997,10933.1066,0.01,0.275,3.64,0.725,1.38,117.570429,,10151.5871,0.01,,,,,,,,,,,,,,,,,https://polymarket.com/event/fifwc-tun-jpn-2026-06-21
2026-06-05T06:18:28.910161+00:00,fifa world cup,Spain vs. Saudi Arabia,2026-06-21T16:00:00Z,0.875,1.14,0.125,8.0,2763.174802,50.210891000000004,4779.5685,0.01,0.0315,31.75,0.9685,1.03,4543.334743999999,102.773156,62385.54963,0.001,0.085,11.76,0.915,1.09,811.4547169999998,,10086.0909,0.01,,,,,,,,,,,,,,,,,https://polymarket.com/event/fifwc-esp-ksa-2026-06-21
2026-06-05T06:18:28.910161+00:00,fifa world cup,Belgium vs. IR Iran,2026-06-21T19:00:00Z,0.69,1.45,0.31,3.23,1833.4875149999982,216.08040300000002,3122.4527,0.02,0.125,8.0,0.875,1.14,1101.7000850000002,37.538457,9075.771,0.01,0.195,5.13,0.805,1.24,478.27099499999997,9.45,2832.3301,0.01,,,,,,,,,,,,,,,,,https://polymarket.com/event/fifwc-bel-irn-2026-06-21
2026-06-05T06:18:28.910161+00:00,fifa world cup,Uruguay vs. Cabo Verde,2026-06-21T22:00:00Z,0.675,1.48,0.325,3.08,2927.392587000014,586.5384380000003,6392.4324,0.01,0.125,8.0,0.875,1.14,883.3239690000003,100.29555,12738.6363,0.01,0.21,4.76,0.79,1.27,166.74908000000002,36.146816,5412.3435,0.02,,,,,,,,,,,,,,,,,https://polymarket.com/event/fifwc-ury-cvi-2026-06-21
2026-06-05T06:18:28.910161+00:00,fifa world cup,New Zealand vs. Egypt,2026-06-22T01:00:00Z,0.185,5.41,0.815,1.23,958.5408370000001,,12045.6555,0.01,0.565,1.77,0.435,2.3,729.0427729999992,85.744835,9713.8337,0.01,0.255,3.92,0.745,1.34,124.17279999999997,14.538458,8217.3564,0.01,,,,,,,,,,,,,,,,,https://polymarket.com/event/fifwc-nzl-egy-2026-06-21
2026-06-05T06:18:28.910161+00:00,fifa world cup,Argentina vs. Austria,2026-06-22T17:00:00Z,0.595,1.68,0.405,2.47,4728.824519999985,441.8271510000003,11767.5941,0.01,0.165,6.06,0.835,1.2,2251.611411,32.51,14359.3891,0.01,0.245,4.08,0.755,1.32,519.517361,,11533.6824,0.01,,,,,,,,,,,,,,,,,https://polymarket.com/event/fifwc-arg-aut-2026-06-22
2026-06-05T06:18:28.910161+00:00,fifa world cup,France vs. Iraq,2026-06-22T21:00:00Z,0.865,1.16,0.135,7.41,5998.342757,1100.460137,4559.792,0.01,0.04,25.0,0.96,1.04,4353.510615000002,296.51489200000003,16736.25212,0.014,0.095,10.53,0.905,1.1,2559.1923500000003,1188.9155200000007,8363.9086,0.01,,,,,,,,,,,,,,,,,https://polymarket.com/event/fifwc-fra-irq-2026-06-22
2026-06-05T06:18:28.910161+00:00,fifa world cup,Norway vs. Senegal,2026-06-23T00:00:00Z,0.465,2.15,0.535,1.87,5464.246379999998,460.589971,11257.7634,0.01,0.275,3.64,0.725,1.38,4626.490154999998,62.409037,14726.297,0.01,0.275,3.64,0.725,1.38,1671.9039260000002,24.212856000000002,8181.5734,0.01,,,,,,,,,,,,,,,,,https://polymarket.com/event/fifwc-nor-sen-2026-06-22
2026-06-05T06:18:28.910161+00:00,fifa world cup,Jordan vs. Algeria,2026-06-23T03:00:00Z,0.165,6.06,0.835,1.2,822.595632,11.37,12527.2058,0.01,0.605,1.65,0.395,2.53,1331.0330909999993,157.00095700000006,6898.6383,0.01,0.235,4.26,0.765,1.31,195.00509899999994,1.45,8414.6651,0.01,,,,,,,,,,,,,,,,,https://polymarket.com/event/fifwc-jor-alg-2026-06-22
2026-06-05T06:18:28.910161+00:00,fifa world cup,Portugal vs. Uzbekistan,2026-06-23T17:00:00Z,0.79,1.27,0.21,4.76,4952.704127999999,53.75,4292.47,0.02,0.075,13.33,0.925,1.08,1332.5265859999997,216.00971,13419.9997,0.01,0.14,7.14,0.86,1.16,439.026732,,5386.1019,0.02,,,,,,,,,,,,,,,,,https://polymarket.com/event/fifwc-prt-uzb-2026-06-23
2026-06-05T06:18:28.910161+00:00,fifa world cup,England vs. Ghana,2026-06-23T20:00:00Z,0.74,1.35,0.26,3.85,1834.9501830000002,234.815554,6318.1021,0.02,0.095,10.53,0.905,1.1,6450.873666999996,582.1689,15830.5753,0.01,0.165,6.06,0.835,1.2,272.17973199999994,1.19,9337.2563,0.01,,,,,,,,,,,,,,,,,https://polymarket.com/event/fifwc-eng-gha-2026-06-23
2026-06-05T06:18:28.910161+00:00,fifa world cup,Panama vs. Croatia,2026-06-23T23:00:00Z,0.125,8.0,0.875,1.14,1158.419878999999,40.286707,13475.3418,0.01,0.655,1.53,0.345,2.9,3379.5010300000154,403.567317,4543.3933,0.01,0.225,4.44,0.775,1.29,385.109803,41.46609,5810.4123,0.01,,,,,,,,,,,,,,,,,https://polymarket.com/event/fifwc-pan-hrv-2026-06-23
2026-06-05T06:18:28.910161+00:00,fifa world cup,Colombia vs. DR Congo,2026-06-24T02:00:00Z,0.67,1.49,0.33,3.03,2059.7821870000002,259.00212900000025,9077.7889,0.02,0.115,8.7,0.885,1.13,1797.1687219999997,810.3171369999999,13255.0921,0.01,0.22,4.55,0.78,1.28,423.8335330000001,25.025688000000002,9647.7754,0.02,,,,,,,,,,,,,,,,,https://polymarket.com/event/fifwc-col-cdr-2026-06-23
2026-06-05T06:18:28.910161+00:00,fifa world cup,Switzerland vs. Canada,2026-06-24T19:00:00Z,0.46,2.17,0.54,1.85,698.4583690000001,164.657775,12441.156,0.02,0.27,3.7,0.73,1.37,501.320317,6.75,12876.594,0.02,0.295,3.39,0.705,1.42,436.9537240000001,,7493.7955,0.01,,,,,,,,,,,,,,,,,https://polymarket.com/event/fifwc-che-can-2026-06-24
2026-06-05T06:18:28.910161+00:00,fifa world cup,Bosnia and Herzegovina vs. Qatar,2026-06-24T19:00:00Z,0.625,1.6,0.375,2.67,1613.7496219999991,75.45806,9509.6864,0.03,0.145,6.9,0.855,1.17,856.3234610000001,145.16354,16525.7614,0.03,0.225,4.44,0.775,1.29,403.92476600000003,57.12,11309.7754,0.03,,,,,,,,,,,,,,,,,https://polymarket.com/event/fifwc-bih-qat-2026-06-24
2026-06-05T06:18:28.910161+00:00,fifa world cup,Morocco vs. Haiti,2026-06-24T22:00:00Z,0.725,1.38,0.275,3.64,3061.7995110000006,2078.916035,6798.0361,0.03,0.095,10.53,0.905,1.1,2752.4458910000003,1448.274606,15908.9518,0.01,0.175,5.71,0.825,1.21,707.877394,478.37,6713.556,0.01,,,,,,,,,,,,,,,,,https://polymarket.com/event/fifwc-mar-hai-2026-06-24
2026-06-05T06:18:28.910161+00:00,fifa world cup,Scotland vs. Brazil,2026-06-24T22:00:00Z,0.155,6.45,0.845,1.18,2307.213294,1294.2451529999996,22727.579,0.01,0.65,1.54,0.35,2.86,2658.2900640000057,800.2313819999998,9899.0806,0.02,0.2,5.0,0.8,1.25,208.318003,,12776.4626,0.02,,,,,,,,,,,,,,,,,https://polymarket.com/event/fifwc-sco-bra-2026-06-24
2026-06-05T06:18:28.910161+00:00,fifa world cup,Czechia vs. Mexico,2026-06-25T01:00:00Z,0.205,4.88,0.795,1.26,2087.0813660000003,97.641903,21853.7973,0.01,0.52,1.92,0.48,2.08,3701.9199750000043,442.03969800000004,13966.5133,0.02,0.275,3.64,0.725,1.38,209.74479799999995,25.51724,11741.7415,0.01,,,,,,,,,,,,,,,,,https://polymarket.com/event/fifwc-cze-mex-2026-06-24
2026-06-05T06:18:28.910161+00:00,fifa world cup,South Africa vs. Korea Republic,2026-06-25T01:00:00Z,0.24,4.17,0.76,1.32,810.9722999999998,62.63,14207.9866,0.02,0.505,1.98,0.495,2.02,616.644525,94.15685200000001,10126.1675,0.01,0.275,3.64,0.725,1.38,126.86902800000001,13.267240000000001,9044.157,0.03,,,,,,,,,,,,,,,,,https://polymarket.com/event/fifwc-rsa-kr-2026-06-24
2026-06-05T06:18:28.910161+00:00,fifa world cup,Ecuador vs. Germany,2026-06-25T20:00:00Z,0.19,5.26,0.81,1.23,902.4116470000001,30.210523000000002,13477.1888,0.02,0.59,1.69,0.41,2.44,4917.004910999981,171.89992800000024,9150.1539,0.02,0.24,4.17,0.76,1.32,480.167355,20,9284.1408,0.02,,,,,,,,,,,,,,,,,https://polymarket.com/event/fifwc-ecu-ger-2026-06-25
2026-06-05T06:18:28.910161+00:00,fifa world cup,Curaçao vs. Côte d'Ivoire,2026-06-25T20:00:00Z,0.075,13.33,0.925,1.08,1278.014512,163.67,12816.6368,0.01,0.785,1.27,0.215,4.65,502.192423,219.88,7176.0923,0.01,0.15,6.67,0.85,1.18,282.845741,191.96,8066.9689,0.02,,,,,,,,,,,,,,,,,https://polymarket.com/event/fifwc-kor-civ-2026-06-25
2026-06-05T06:18:28.910161+00:00,fifa world cup,Japan vs. Sweden,2026-06-25T23:00:00Z,0.48,2.08,0.52,1.92,1101.2126880000017,191.097666,14508.8295,0.02,0.26,3.85,0.74,1.35,477.412582,20.029229,12757.0442,0.02,0.285,3.51,0.715,1.4,599.6125890000002,116.767776,9449.0955,0.01,,,,,,,,,,,,,,,,,https://polymarket.com/event/fifwc-jpn-swe-2026-06-25
2026-06-05T06:18:28.910161+00:00,fifa world cup,Tunisia vs. Netherlands,2026-06-25T23:00:00Z,0.135,7.41,0.865,1.16,726.8190349999999,27.890107,11869.8293,0.03,0.665,1.5,0.335,2.99,5356.667813999953,623.379372,21675.7045,0.01,0.215,4.65,0.785,1.27,534.9064220000001,71.422724,7215.935,0.01,,,,,,,,,,,,,,,,,https://polymarket.com/event/fifwc-tun-nld-2026-06-25
2026-06-05T06:18:28.910161+00:00,fifa world cup,Paraguay vs. Australia,2026-06-26T02:00:00Z,0.445,2.25,0.555,1.8,201.62838299999993,39.111105,14412.0394,0.01,0.265,3.77,0.735,1.36,449.122204,17.703702,17600.1311,0.01,0.305,3.28,0.695,1.44,386.4772169999998,12.193546,12537.4096,0.01,,,,,,,,,,,,,,,,,https://polymarket.com/event/fifwc-par-aus-2026-06-25
2026-06-05T06:18:28.910161+00:00,fifa world cup,Türkiye vs. United States,2026-06-26T02:00:00Z,0.355,2.82,0.645,1.55,4803.413765999998,555.49109,15935.3571,0.01,0.385,2.6,0.615,1.63,727.1983090000003,11.356488,36580.9507,0.01,0.28,3.57,0.72,1.39,505.2854990000001,20.120343,12658.9911,0.02,,,,,,,,,,,,,,,,,https://polymarket.com/event/fifwc-tur-usa-2026-06-25
2026-06-05T06:18:28.910161+00:00,fifa world cup,Norway vs. France,2026-06-26T19:00:00Z,0.22,4.55,0.78,1.28,2250.178525999999,450.671538,10373.9474,0.02,0.53,1.89,0.47,2.13,2236.697764,147.15515200000004,9612.888,0.02,0.265,3.77,0.735,1.36,306.62165,35,9759.6995,0.01,,,,,,,,,,,,,,,,,https://polymarket.com/event/fifwc-nor-fra-2026-06-26
2026-06-05T06:18:28.910161+00:00,fifa world cup,Senegal vs. Iraq,2026-06-26T19:00:00Z,0.665,1.5,0.335,2.99,864.4981200000003,201.39345500000005,3992.5549,0.01,0.14,7.14,0.86,1.16,1238.6628999999998,693.789807,8284.47,0.02,0.21,4.76,0.79,1.27,271.43321799999995,99.612566,4288.8524,0.02,,,,,,,,,,,,,,,,,https://polymarket.com/event/fifwc-sen-irq-2026-06-26
2026-06-05T06:18:28.910161+00:00,fifa world cup,Cabo Verde vs. Saudi Arabia,2026-06-27T00:00:00Z,0.375,2.67,0.625,1.6,459.084761,168.674793,7782.1331,0.01,0.335,2.99,0.665,1.5,720.53324,117.590728,24177.7562,0.01,0.295,3.39,0.705,1.42,105.41891399999999,37.843914,4385.2962,0.03,,,,,,,,,,,,,,,,,https://polymarket.com/event/fifwc-cvi-ksa-2026-06-26
2026-06-05T06:18:28.910161+00:00,fifa world cup,Uruguay vs. Spain,2026-06-27T00:00:00Z,0.175,5.71,0.825,1.21,645.172498,5.555554,11355.7895,0.03,0.605,1.65,0.395,2.53,2532.6124889999924,313.2096090000001,5305.4184,0.01,0.24,4.17,0.76,1.32,337.780412,22.68,3507.3948,0.02,,,,,,,,,,,,,,,,,https://polymarket.com/event/fifwc-ury-esp-2026-06-26
2026-06-05T06:18:28.910161+00:00,fifa world cup,Egypt vs. IR Iran,2026-06-27T03:00:00Z,0.42,2.38,0.58,1.72,290.960566,52.596894,3693.8824,0.02,0.28,3.57,0.72,1.39,927.6509639999999,694.3314270000001,9070.7798,0.02,0.325,3.08,0.675,1.48,277.99888899999985,,3959.723,0.01,,,,,,,,,,,,,,,,,https://polymarket.com/event/fifwc-egy-irn-2026-06-26
2026-06-05T06:18:28.910161+00:00,fifa world cup,New Zealand vs. Belgium,2026-06-27T03:00:00Z,0.085,11.76,0.915,1.09,4275.412141999999,1434.35,18825.1728,0.01,0.755,1.32,0.245,4.08,1072.1038450000003,10.409753,7728.764,0.01,0.16,6.25,0.84,1.19,561.505548,,9347.9626,0.02,,,,,,,,,,,,,,,,,https://polymarket.com/event/fifwc-nzl-bel-2026-06-26
2026-06-05T06:18:28.910161+00:00,fifa world cup,Panama vs. England,2026-06-27T21:00:00Z,0.085,11.76,0.915,1.09,6385.179940999999,821.9999949999999,17995.8867,0.01,0.755,1.32,0.245,4.08,3237.9740040000006,1096.970525,6293.2825,0.01,0.155,6.45,0.845,1.18,514.2725,74.25,8441.5461,0.01,,,,,,,,,,,,,,,,,https://polymarket.com/event/fifwc-pan-eng-2026-06-27
2026-06-05T06:18:28.910161+00:00,fifa world cup,Croatia vs. Ghana,2026-06-27T21:00:00Z,0.58,1.72,0.42,2.38,425.98214599999966,121.69435999999999,6717.791,0.02,0.17,5.88,0.83,1.2,448.222003,98.30936600000001,8870.2677,0.02,0.275,3.64,0.725,1.38,402.44093599999997,41.940955,3824.6873,0.01,,,,,,,,,,,,,,,,,https://polymarket.com/event/fifwc-hrv-gha-2026-06-27
2026-06-05T06:18:28.910161+00:00,fifa world cup,Colombia vs. Portugal,2026-06-27T23:30:00Z,0.285,3.51,0.715,1.4,1347.0713989999986,26.55172,5860.7914,0.01,0.455,2.2,0.545,1.83,1858.1403339999974,345.13064599999996,6719.4905,0.01,0.28,3.57,0.72,1.39,897.8619859999999,32.814476,3954.2469,0.02,,,,,,,,,,,,,,,,,https://polymarket.com/event/fifwc-col-prt-2026-06-27
2026-06-05T06:18:28.910161+00:00,fifa world cup,DR Congo vs. Uzbekistan,2026-06-27T23:30:00Z,0.42,2.38,0.58,1.72,280.74187099999995,6.218722,11408.6881,0.02,0.295,3.39,0.705,1.42,690.9898309999996,88.69676999999999,9443.9174,0.03,0.295,3.39,0.705,1.42,66.02257799999998,12.6,6183.5125,0.01,,,,,,,,,,,,,,,,,https://polymarket.com/event/fifwc-cdr-uzb-2026-06-27
2026-06-05T06:18:28.910161+00:00,fifa world cup,Jordan vs. Argentina,2026-06-28T02:00:00Z,0.0615,16.26,0.9385,1.07,3861.7185759999998,385.963339,19386.98222,0.015,0.815,1.23,0.185,5.41,1804.3093230000002,70.21437599999999,4568.0505,0.01,0.125,8.0,0.875,1.14,851.8844839999999,22.48,9024.6258,0.01,,,,,,,,,,,,,,,,,https://polymarket.com/event/fifwc-jor-arg-2026-06-27
2026-06-05T06:18:28.910161+00:00,fifa world cup,Algeria vs. Austria,2026-06-28T02:00:00Z,0.29,3.45,0.71,1.41,453.46974000000006,59.014937999999994,8637.7262,0.02,0.415,2.41,0.585,1.71,347.21662400000014,73.299522,9932.4147,0.01,0.315,3.17,0.685,1.46,343.4102739999999,9.03125,8095.7625,0.01,,,,,,,,,,,,,,,,,https://polymarket.com/event/fifwc-alg-aut-2026-06-27
2026-06-05T06:18:28.910161+00:00,MLS,New England Revolution vs. Houston Dynamo,2026-03-07T19:30:00Z,0.465,2.15,0.535,1.87,36736.825943,12.94,150.3652,0.37,0.32,3.12,0.68,1.47,27329.312072000008,,2642.0569,0.42,0.415,2.41,0.585,1.71,31814.886777999996,,2699.7841,0.43,0.575,1.74,0.425,2.35,217.36793100000003,,21.9308,0.69,0.54,1.85,0.46,2.17,,,13.1375,0.76,https://polymarket.com/event/mls-ner-hou-2026-03-07
2026-06-05T06:18:28.910161+00:00,MLS,Seattle Sounders FC vs. Real Salt Lake,2026-04-13T01:00:00Z,0.375,2.67,0.625,1.6,1039.2921069999998,120,986.0344,0.31,0.2775,3.6,0.7225,1.38,983.6854490000001,4.276264,708.10125,0.243,0.23,4.35,0.77,1.3,581.06534,66.666664,375.0294,0.14,0.64,1.56,0.36,2.78,,,462.0795,0.3,0.6,1.67,0.4,2.5,17.229307000000002,,936.2781,0.36,https://polymarket.com/event/mls-sea-rsl-2026-04-12
2026-06-05T06:18:28.910161+00:00,MLS,New York City FC vs. Los Angeles FC,2026-05-06T23:30:00Z,0.49,2.04,0.51,1.96,323.912456,,51.9938,0.66,0.4,2.5,0.6,1.67,284.391817,,40.8638,0.5,0.45,2.22,0.55,1.82,306.82857500000006,,51.6979,0.68,0.49,2.04,0.51,1.96,,,6.7716,0.86,0.5,2.0,0.5,2.0,,,10.5664,0.84,https://polymarket.com/event/mls-nyc-laf-2026-05-06
2026-06-05T06:18:28.910161+00:00,Japan J2 League,Iwaki FC vs. Ventforet Kōfu,2026-03-08T05:00:00Z,0.4965,2.01,0.5035,1.99,5,,16.5302,0.985,0.4955,2.02,0.5045,1.98,6.0100999999999996,,35.335,0.989,0.493,2.03,0.507,1.97,5,,50.91146,0.97,0.5,2.0,0.5,2.0,,,3.0259,0.96,0.485,2.06,0.515,1.94,,,2.825,0.95,https://polymarket.com/event/j2100-iwa-ven-2026-03-08
2026-06-05T06:18:28.910161+00:00,Japan J2 League,Kamatamare Sanuki vs. AC Nagano Parceiro,2026-06-05T10:00:00Z,0.375,2.67,0.625,1.6,3010.3861840000004,3004.112242,24083.8254,0.01,0.325,3.08,0.675,1.48,1768.4639319999997,1736.4048709999995,20328.1944,0.01,0.3,3.33,0.7,1.43,1922.057238,1896.2507879999998,18952.1394,0.02,0.39,2.56,0.61,1.64,72.152371,57.152371,4522.34,0.02,0.515,1.94,0.485,2.06,18.800720000000002,18.800720000000002,3370.4074,0.01,https://polymarket.com/event/j2100-kam-nag-2026-06-05
2026-06-05T06:18:28.910161+00:00,Japan J2 League,Matsumoto Yamaga FC vs. Nara Club,2026-06-06T05:00:00Z,0.57,1.75,0.43,2.33,2.018517,,3220.7503,0.04,0.205,4.88,0.795,1.26,4.166665,,3537.6086,0.03,0.24,4.17,0.76,1.32,3.125,,3390.6425,0.04,0.545,1.83,0.455,2.2,,,2376.2008,0.05,0.54,1.85,0.46,2.17,6.7,6.7,343.9589,0.1,https://polymarket.com/event/j2100-mat-nar-2026-06-06
2026-06-05T06:18:28.910161+00:00,Japan J2 League,Tochigi City FC vs. Reilac Shiga,2026-06-06T05:00:00Z,0.525,1.9,0.475,2.11,82.41462399999999,16.98,2271.0691,0.03,0.22,4.55,0.78,1.28,20,,2954.1589,0.04,0.25,4.0,0.75,1.33,,,2092.2105,0.04,0.51,1.96,0.49,2.04,20,20,1795.0591,0.08,0.51,1.96,0.49,2.04,,,332.6442,0.08,https://polymarket.com/event/j2100-tct-rei-2026-06-06
2026-06-05T06:18:28.910161+00:00,Japan J2 League,RB Ōmiya Ardija vs. Kōchi United SC,2026-06-06T05:00:00Z,0.55,1.82,0.45,2.22,10,10,3126.2875,0.04,0.215,4.65,0.785,1.27,4.545453,,3004.3105,0.01,0.24,4.17,0.76,1.32,3.571427,,3138.5019,0.04,0.545,1.83,0.455,2.2,33.97,13.969999999999999,2216.8235,0.05,0.51,1.96,0.49,2.04,10,10,467.1482,0.2,https://polymarket.com/event/j2100-omi-koc-2026-06-06
2026-06-05T06:18:28.910161+00:00,Japan J2 League,Yokohama FC vs. Renofa Yamaguchi FC,2026-06-06T05:00:00Z,0.555,1.8,0.445,2.25,14.99392,,3358.4385,0.03,0.215,4.65,0.785,1.27,14,,4034.8157,0.03,0.26,3.85,0.74,1.35,3.125,,3589.9705,0.04,0.495,2.02,0.505,1.98,,,2488.9002,0.03,0.52,1.92,0.48,2.08,6.94,6.94,317.5869,0.08,https://polymarket.com/event/j2100-yok-ren-2026-06-06
2026-06-05T06:18:28.910161+00:00,Japan J2 League,Albirex Niigata vs. Hokkaidō Consadole Sapporo,2026-06-06T05:00:00Z,0.39,2.56,0.61,1.64,9.972218999999999,,3195.2961,0.02,0.335,2.99,0.665,1.5,15,,3596.2877,0.05,0.29,3.45,0.71,1.41,,,3458.8842,0.02,0.485,2.06,0.515,1.94,,,2641.1379,0.05,0.515,1.94,0.485,2.06,50,10,261.5043,0.21,https://polymarket.com/event/j2100-alb-con-2026-06-06
2026-06-05T06:18:28.910161+00:00,Japan J2 League,Tegevajaro Miyazaki vs. Ventforet Kōfu,2026-06-06T05:00:00Z,0.495,2.02,0.505,1.98,28.671843000000003,18.867923,3232.4796,0.05,0.225,4.44,0.775,1.29,3.846152,,3612.9598,0.03,0.29,3.45,0.71,1.41,2.857141,,3472.0276,0.04,0.4,2.5,0.6,1.67,8,8,2805.1204,0.04,0.45,2.22,0.55,1.82,,,328.9469,0.1,https://polymarket.com/event/j2100-teg-ven-2026-06-06
2026-06-05T06:18:28.910161+00:00,Japan J2 League,Vegalta Sendai vs. Kataller Toyama,2026-06-06T05:00:00Z,0.415,2.41,0.585,1.71,22.757852,12.952977,3417.7818,0.05,0.29,3.45,0.71,1.41,121.87030200000001,,3526.1379,0.04,0.3,3.33,0.7,1.43,3.030302,,3497.383,0.02,0.465,2.15,0.535,1.87,,,2406.7242,0.05,0.51,1.96,0.49,2.04,58.331766,58.331766,423.3407,0.06,https://polymarket.com/event/j2100-veg-kat-2026-06-06
2026-06-05T06:18:28.910161+00:00,Japan J2 League,SC Sagamihara vs. Roasso Kumamoto,2026-06-06T05:00:00Z,0.43,2.33,0.57,1.75,29.993384000000002,,3061.327,0.04,0.3,3.33,0.7,1.43,7.692305,,3232.4689,0.04,0.28,3.57,0.72,1.39,,,3219.0263,0.02,0.465,2.15,0.535,1.87,,,2010.46,0.05,0.505,1.98,0.495,2.02,70,70,1195.1374,0.03,https://polymarket.com/event/j2100-sag-roa-2026-06-06
2026-06-05T06:18:28.910161+00:00,Japan J2 League,Fujieda MYFC vs. Ehime FC,2026-06-06T05:00:00Z,0.32,3.12,0.68,1.47,5.05,,3527.2788,0.04,0.38,2.63,0.62,1.61,,,3624.3337,0.02,0.305,3.28,0.695,1.44,,,3488.372,0.03,0.435,2.3,0.565,1.77,,,2584.6362,0.05,0.515,1.94,0.485,2.06,,,356.1289,0.21,https://polymarket.com/event/j2100-fuj-ehi-2026-06-06
2026-06-05T06:18:28.910161+00:00,Japan J2 League,FC Gifu vs. Gainare Tottori,2026-06-06T06:00:00Z,0.465,2.15,0.535,1.87,58.942228,58.942228,3308.9132,0.01,0.28,3.57,0.72,1.39,,,3543.425,0.04,0.295,3.39,0.705,1.42,,,3716.7764,0.03,0.515,1.94,0.485,2.06,,,2465.7168,0.03,0.55,1.82,0.45,2.22,,,311.7486,0.08,https://polymarket.com/event/j2100-gif-gai-2026-06-06
2026-06-05T06:18:28.910161+00:00,Japan J2 League,Júbilo Iwata vs. FC Ōsaka,2026-06-06T07:00:00Z,0.385,2.6,0.615,1.63,,,2855.0699,0.03,0.335,2.99,0.665,1.5,17.888887,17.888887,2851.0415,0.05,0.325,3.08,0.675,1.48,,,3191.3742,0.03,0.41,2.44,0.59,1.69,,,2504.3546,0.04,0.545,1.83,0.455,2.2,38.108103,38.108103,351.4719,0.13,https://polymarket.com/event/j2100-jub-fco-2026-06-06
2026-06-05T06:18:28.910161+00:00,Japan J2 League,Sagan Tosu vs. Shōnan Bellmāre,2026-06-06T10:00:00Z,0.48,2.08,0.52,1.92,30.408162,30.408162,3090.0169,0.02,0.26,3.85,0.74,1.35,,,3473.3175,0.04,0.27,3.7,0.73,1.37,,,3098.0732,0.06,0.45,2.22,0.55,1.82,,,2339.5508,0.06,0.5,2.0,0.5,2.0,,,367.9314,0.22,https://polymarket.com/event/j2100-st-sho-2026-06-06
2026-06-05T06:18:28.910161+00:00,Japan J2 League,Vanraure Hachinohe FC vs. FC Imabari,2026-06-07T04:00:00Z,0.415,2.41,0.585,1.71,,,2854.7298,0.03,0.285,3.51,0.715,1.4,128.56,128.56,3006.5826,0.03,0.29,3.45,0.71,1.41,,,2621.5966,0.04,0.365,2.74,0.635,1.57,,,2137.1499,0.05,0.5,2.0,0.5,2.0,,,289.9893,0.2,https://polymarket.com/event/j2100-van-imb-2026-06-07
2026-06-05T06:18:28.910161+00:00,Japan J2 League,Tokushima Vortis vs. Iwaki FC,2026-06-07T04:05:00Z,0.35,2.86,0.65,1.54,3.027776,,2999.4022,0.04,0.35,2.86,0.65,1.54,,,2960.3629,0.04,0.305,3.28,0.695,1.44,,,2721.6675,0.03,0.43,2.33,0.57,1.75,,,2329.6335,0.04,0.51,1.96,0.49,2.04,,,163.4714,0.22,https://polymarket.com/event/j2100-tok-iwa-2026-06-07
2026-06-05T06:18:28.910161+00:00,Japan J2 League,Blaublitz Akita vs. Kagoshima United FC,2026-06-07T05:00:00Z,0.31,3.23,0.69,1.45,,,2661.9015,0.06,0.36,2.78,0.64,1.56,,,2689.6368,0.04,0.315,3.17,0.685,1.46,,,2493.6399,0.03,0.395,2.53,0.605,1.65,,,1914.0901,0.05,0.505,1.98,0.495,2.02,50,50,289.6636,0.21,https://polymarket.com/event/j2100-bla-kag-2026-06-07
2026-06-05T06:18:28.910161+00:00,Japan J2 League,Zweigen Kanazawa vs. Thespa Gunma,2026-06-07T05:00:00Z,0.49,2.04,0.51,1.96,9.615383,9.615383,2725.0867,0.02,0.26,3.85,0.74,1.35,,,2590.7013,0.1,0.195,5.13,0.805,1.24,,,2118.9477,0.19,0.485,2.06,0.515,1.94,,,2268.0687,0.03,0.51,1.96,0.49,2.04,,,214.6588,0.72,https://polymarket.com/event/j2100-zwe-the-2026-06-07
2026-06-05T06:18:28.910161+00:00,Japan J2 League,Fukushima United FC vs. FC Ryūkyū,2026-06-07T05:00:00Z,0.37,2.7,0.63,1.59,,,2916.9658,0.04,0.345,2.9,0.655,1.53,7.72,7.72,2764.0557,0.05,0.275,3.64,0.725,1.38,,,2822.9852,0.03,0.515,1.94,0.485,2.06,,,2254.3889,0.05,0.535,1.87,0.465,2.15,20,20,234.8748,0.21,https://polymarket.com/event/j2100-fuk-ryu-2026-06-07
2026-06-05T06:18:28.910161+00:00,Japan J2 League,Tochigi SC vs. Giravanz Kitakyūshū,2026-06-07T05:00:00Z,0.525,1.9,0.475,2.11,37.960783,37.960783,2516.1294,0.05,0.24,4.17,0.76,1.32,,,2558.2578,0.04,0.26,3.85,0.74,1.35,,,2360.7879,0.04,0.445,2.25,0.555,1.8,,,2007.0182,0.05,0.5,2.0,0.5,2.0,,,290.9393,0.22,https://polymarket.com/event/j2100-tsc-gir-2026-06-07
2026-06-05T06:18:28.910161+00:00,Japan J2 League,Ōita Trinita vs. Montedio Yamagata,2026-06-07T07:00:00Z,0.395,2.53,0.605,1.65,,,2577.6937,0.05,0.3,3.33,0.7,1.43,,,2752.5745,0.04,0.305,3.28,0.695,1.44,,,2428.1251,0.03,0.43,2.33,0.57,1.75,12,12,1967.9577,0.08,0.505,1.98,0.495,2.02,50,50,224.633,0.21,https://polymarket.com/event/j2100-oit-mon-2026-06-07
2026-06-05T06:18:28.910161+00:00,Japan J1 League,FC Tōkyō vs. Cerezo Ōsaka,2026-06-06T05:00:00Z,0.515,1.94,0.485,2.06,150.65676000000002,56.65676,16610.9237,0.01,0.235,4.26,0.765,1.31,124.196922,39.196922,85129.4734,0.01,0.255,3.92,0.745,1.34,68.091165,68.091165,22988.7483,0.01,0.53,1.89,0.47,2.13,89.18743500000001,89.18743500000001,16889.8288,0.02,0.56,1.79,0.44,2.27,209.59846100000001,186.265131,7521.2375,0.02,https://polymarket.com/event/j1100-fct-cer-2026-06-06
2026-06-05T06:18:28.910161+00:00,Japan J1 League,JEF United Ichihara Chiba vs. Avispa Fukuoka,2026-06-06T05:00:00Z,0.325,3.08,0.675,1.48,12.941175,,15298.2233,0.01,0.355,2.82,0.645,1.55,80.22042200000001,2.702701,16085.5818,0.01,0.315,3.17,0.685,1.46,181.772527,128.647527,16119.7208,0.01,0.37,2.7,0.63,1.59,485.40918,240.11119899999997,15368.1546,0.02,0.47,2.13,0.53,1.89,21.343919999999997,,7511.4945,0.02,https://polymarket.com/event/j1100-jef-avi-2026-06-06
2026-06-05T06:18:28.910161+00:00,Japan J1 League,Kashima Antlers vs. Vissel Kōbe,2026-06-06T05:00:00Z,0.39,2.56,0.61,1.64,133.00230299999998,20.438202,12737.4846,0.02,0.315,3.17,0.685,1.46,39.830301999999996,36.8,13224.5265,0.01,0.3,3.33,0.7,1.43,98.251611,59.091611,14600.3608,0.02,0.44,2.27,0.56,1.79,48.528655,48.528655,15156.7392,0.02,0.52,1.92,0.48,2.08,,,7458.7446,0.02,https://polymarket.com/event/j1100-kas-vis-2026-06-06
2026-06-05T06:18:28.910161+00:00,Japan J1 League,FC Mito Holly Hock vs. V-Varen Nagasaki,2026-06-06T06:00:00Z,0.415,2.41,0.585,1.71,84.40481700000001,,15672.9974,0.01,0.295,3.39,0.705,1.42,,,17246.1734,0.01,0.295,3.39,0.705,1.42,59.99999699999999,59.99999699999999,13961.2933,0.01,0.43,2.33,0.57,1.75,93.067684,28.451406,14915.8471,0.02,0.505,1.98,0.495,2.02,7.21,7.21,7108.034,0.01,https://polymarket.com/event/j1100-hol-vva-2026-06-06
2026-06-05T06:18:28.910161+00:00,Japan J1 League,FC Machida Zelvia vs. Nagoya Grampus,2026-06-06T06:00:00Z,0.455,2.2,0.545,1.83,264.505301,197.50530099999997,15282.5222,0.01,0.265,3.77,0.735,1.36,33.081076,33.081076,16550.5664,0.01,0.285,3.51,0.715,1.4,,,15450.4111,0.01,0.43,2.33,0.57,1.75,22.727271,22.727271,15611.5893,0.02,0.5,2.0,0.5,2.0,60,,7327.7805,0.02,https://polymarket.com/event/j1100-zel-ngr-2026-06-06
2026-06-05T06:18:28.910161+00:00,Japan J1 League,Urawa Red Diamonds vs. Fagiano Okayama,2026-06-06T07:00:00Z,0.495,2.02,0.505,1.98,1142.1398940000001,1057.027025,15400.6223,0.01,0.235,4.26,0.765,1.31,2941.412626,2928.412626,19518.6351,0.01,0.275,3.64,0.725,1.38,1432.4903750000005,1432.4903749999996,19083.368,0.01,0.45,2.22,0.55,1.82,148.62498399999998,140.978648,16741.6208,0.02,0.495,2.02,0.505,1.98,144.5,,7638.8628,0.01,https://polymarket.com/event/j1100-ura-fag-2026-06-06
2026-06-05T06:18:28.910161+00:00,Japan J1 League,Tōkyō Verdy vs. Gamba Ōsaka,2026-06-06T07:00:00Z,0.325,3.08,0.675,1.48,193.127139,164.15633400000002,18161.7221,0.01,0.36,2.78,0.64,1.56,349.4433220000001,234.69922100000002,15627.4024,0.02,0.315,3.17,0.685,1.46,119.24275399999999,119.242754,18676.002,0.01,0.36,2.78,0.64,1.56,407.92254199999996,347.854766,16504.0902,0.02,0.46,2.17,0.54,1.85,8.15,8.15,7541.8026,0.02,https://polymarket.com/event/j1100-ver-gam-2026-06-06
2026-06-05T06:18:28.910161+00:00,Japan J1 League,Yokohama F·Marinos vs. Shimizu S-Pulse,2026-06-06T08:00:00Z,0.405,2.47,0.595,1.68,144.58,144.58,16158.6214,0.01,0.3,3.33,0.7,1.43,28.067755,,13055.9714,0.02,0.295,3.39,0.705,1.42,124.38035599999999,70.333332,14941.5,0.01,0.435,2.3,0.565,1.77,111.14154099999999,17.543858,12899.8551,0.01,0.52,1.92,0.48,2.08,,,2548.3589,0.02,https://polymarket.com/event/j1100-yom-ssp-2026-06-06
2026-06-05T06:18:28.910161+00:00,Japan J1 League,Kashiwa Reysol vs. Kyōto Sanga FC,2026-06-06T09:00:00Z,0.485,2.06,0.515,1.94,160.951898,111.73657999999999,12960.692,0.01,0.24,4.17,0.76,1.32,,,13481.8679,0.02,0.27,3.7,0.73,1.37,64.28571099999999,64.28571099999999,14103.3528,0.02,0.49,2.04,0.51,1.96,,,13966.9959,0.02,0.53,1.89,0.47,2.13,26.666665000000002,,7510.2297,0.02,https://polymarket.com/event/j1100-rey-kyo-2026-06-06
2026-06-05T06:18:28.910161+00:00,Japan J1 League,Kawasaki Frontale vs. Sanfrecce Hiroshima,2026-06-06T10:00:00Z,0.28,3.57,0.72,1.39,40.90671,7.90671,15913.8879,0.02,0.46,2.17,0.54,1.85,217.25492000000003,90.183912,13276.972,0.02,0.25,4.0,0.75,1.33,69.538531,69.538531,14315.6498,0.02,0.57,1.75,0.43,2.33,25.588315,17.241378,15425.1536,0.02,0.6,1.67,0.4,2.5,12.720587,6.25,7426.5824,0.02,https://polymarket.com/event/j1100-kaw-san-2026-06-06
2026-06-05T06:18:28.910161+00:00,Japan J. League,FC Tōkyō vs. Cerezo Ōsaka,2026-06-06T05:00:00Z,0.515,1.94,0.485,2.06,150.65676000000002,56.65676,16610.9237,0.01,0.235,4.26,0.765,1.31,124.196922,39.196922,85129.4734,0.01,0.255,3.92,0.745,1.34,68.091165,68.091165,22988.7483,0.01,0.53,1.89,0.47,2.13,89.18743500000001,89.18743500000001,16889.8288,0.02,0.56,1.79,0.44,2.27,209.59846100000001,186.265131,7521.2375,0.02,https://polymarket.com/event/j1100-fct-cer-2026-06-06
2026-06-05T06:18:28.910161+00:00,Japan J. League,JEF United Ichihara Chiba vs. Avispa Fukuoka,2026-06-06T05:00:00Z,0.325,3.08,0.675,1.48,12.941175,,15298.2233,0.01,0.355,2.82,0.645,1.55,80.22042200000001,2.702701,16085.5818,0.01,0.315,3.17,0.685,1.46,181.772527,128.647527,16119.7208,0.01,0.37,2.7,0.63,1.59,485.40918,240.11119899999997,15368.1546,0.02,0.47,2.13,0.53,1.89,21.343919999999997,,7511.4945,0.02,https://polymarket.com/event/j1100-jef-avi-2026-06-06
2026-06-05T06:18:28.910161+00:00,Japan J. League,Kashima Antlers vs. Vissel Kōbe,2026-06-06T05:00:00Z,0.39,2.56,0.61,1.64,133.00230299999998,20.438202,12737.4846,0.02,0.315,3.17,0.685,1.46,39.830301999999996,36.8,13224.5265,0.01,0.3,3.33,0.7,1.43,98.251611,59.091611,14600.3608,0.02,0.44,2.27,0.56,1.79,48.528655,48.528655,15156.7392,0.02,0.52,1.92,0.48,2.08,,,7458.7446,0.02,https://polymarket.com/event/j1100-kas-vis-2026-06-06
2026-06-05T06:18:28.910161+00:00,Japan J. League,FC Mito Holly Hock vs. V-Varen Nagasaki,2026-06-06T06:00:00Z,0.415,2.41,0.585,1.71,84.40481700000001,,15672.9974,0.01,0.295,3.39,0.705,1.42,,,17246.1734,0.01,0.295,3.39,0.705,1.42,59.99999699999999,59.99999699999999,13961.2933,0.01,0.43,2.33,0.57,1.75,93.067684,28.451406,14915.8471,0.02,0.505,1.98,0.495,2.02,7.21,7.21,7108.034,0.01,https://polymarket.com/event/j1100-hol-vva-2026-06-06
2026-06-05T06:18:28.910161+00:00,Japan J. League,FC Machida Zelvia vs. Nagoya Grampus,2026-06-06T06:00:00Z,0.455,2.2,0.545,1.83,264.505301,197.50530099999997,15282.5222,0.01,0.265,3.77,0.735,1.36,33.081076,33.081076,16550.5664,0.01,0.285,3.51,0.715,1.4,,,15450.4111,0.01,0.43,2.33,0.57,1.75,22.727271,22.727271,15611.5893,0.02,0.5,2.0,0.5,2.0,60,,7327.7805,0.02,https://polymarket.com/event/j1100-zel-ngr-2026-06-06
2026-06-05T06:18:28.910161+00:00,Japan J. League,Urawa Red Diamonds vs. Fagiano Okayama,2026-06-06T07:00:00Z,0.495,2.02,0.505,1.98,1142.1398940000001,1057.027025,15400.6223,0.01,0.235,4.26,0.765,1.31,2941.412626,2928.412626,19518.6351,0.01,0.275,3.64,0.725,1.38,1432.4903750000005,1432.4903749999996,19083.368,0.01,0.45,2.22,0.55,1.82,148.62498399999998,140.978648,16741.6208,0.02,0.495,2.02,0.505,1.98,144.5,,7638.8628,0.01,https://polymarket.com/event/j1100-ura-fag-2026-06-06
2026-06-05T06:18:28.910161+00:00,Japan J. League,Tōkyō Verdy vs. Gamba Ōsaka,2026-06-06T07:00:00Z,0.325,3.08,0.675,1.48,193.127139,164.15633400000002,18161.7221,0.01,0.36,2.78,0.64,1.56,349.4433220000001,234.69922100000002,15627.4024,0.02,0.315,3.17,0.685,1.46,119.24275399999999,119.242754,18676.002,0.01,0.36,2.78,0.64,1.56,407.92254199999996,347.854766,16504.0902,0.02,0.46,2.17,0.54,1.85,8.15,8.15,7541.8026,0.02,https://polymarket.com/event/j1100-ver-gam-2026-06-06
2026-06-05T06:18:28.910161+00:00,Japan J. League,Yokohama F·Marinos vs. Shimizu S-Pulse,2026-06-06T08:00:00Z,0.405,2.47,0.595,1.68,144.58,144.58,16158.6214,0.01,0.3,3.33,0.7,1.43,28.067755,,13055.9714,0.02,0.295,3.39,0.705,1.42,124.38035599999999,70.333332,14941.5,0.01,0.435,2.3,0.565,1.77,111.14154099999999,17.543858,12899.8551,0.01,0.52,1.92,0.48,2.08,,,2548.3589,0.02,https://polymarket.com/event/j1100-yom-ssp-2026-06-06
2026-06-05T06:18:28.910161+00:00,Japan J. League,Kashiwa Reysol vs. Kyōto Sanga FC,2026-06-06T09:00:00Z,0.485,2.06,0.515,1.94,160.951898,111.73657999999999,12960.692,0.01,0.24,4.17,0.76,1.32,,,13481.8679,0.02,0.27,3.7,0.73,1.37,64.28571099999999,64.28571099999999,14103.3528,0.02,0.49,2.04,0.51,1.96,,,13966.9959,0.02,0.53,1.89,0.47,2.13,26.666665000000002,,7510.2297,0.02,https://polymarket.com/event/j1100-rey-kyo-2026-06-06
2026-06-05T06:18:28.910161+00:00,Japan J. League,Kawasaki Frontale vs. Sanfrecce Hiroshima,2026-06-06T10:00:00Z,0.28,3.57,0.72,1.39,40.90671,7.90671,15913.8879,0.02,0.46,2.17,0.54,1.85,217.25492000000003,90.183912,13276.972,0.02,0.25,4.0,0.75,1.33,69.538531,69.538531,14315.6498,0.02,0.57,1.75,0.43,2.33,25.588315,17.241378,15425.1536,0.02,0.6,1.67,0.4,2.5,12.720587,6.25,7426.5824,0.02,https://polymarket.com/event/j1100-kaw-san-2026-06-06
2026-06-05T06:18:28.910161+00:00,Norway Eliteserien,FK Bodø/Glimt vs. Hamarkameratene,2026-03-22T18:15:00Z,0.64,1.56,0.36,2.78,65.375718,,83.5745,0.3,0.36,2.78,0.64,1.56,,,80.8821,0.46,0.435,2.3,0.565,1.77,,,46.6998,0.63,0.505,1.98,0.495,2.02,,,5.5589,0.89,0.49,2.04,0.51,1.96,,,8.4489,0.86,https://polymarket.com/event/nor-bog-ham-2026-03-22
2026-06-05T06:18:28.910161+00:00,Norway Eliteserien,Lillestrøm SK vs. Viking FK,2026-05-30T14:00:00Z,0.185,5.41,0.815,1.23,20835.255033999998,103.78,135.5481,0.05,0.575,1.74,0.425,2.35,1274.8117670000001,114.49000000000001,140.3889,0.15,0.175,5.71,0.825,1.21,38456.006025,103.78,163.9226,0.07,0.595,1.68,0.405,2.47,24.592221,,62.652,0.25,0.62,1.61,0.38,2.63,,,97.7669,0.14,https://polymarket.com/event/nor-lil-vik-2026-05-30
